hostname,country,status,platform,page_load(ms)
123Ponds.com,US,,Yahoo! Ecommerce,418
123Ponds.com,US,,Yahoo! Ecommerce,418
123Ponds.com,US,,Yahoo! Ecommerce,418
123Ponds.com,US,,Yahoo! Ecommerce,418
123Stores.com,US,,,2369
1Sale.com,US,,,443
1Sale.com,US,,,443
2ndWindExercise.com,US,,,360
3balls.com,US,,,347
1800Mattress.com,US,,,465
SixPackBags.com,US,,Magento,747
SixPackBags.com,US,,Magento,747
80sTees.com,CA,,Shopify,71
SixPackBags.com,US,,Magento,747
4wd.com,US,,,1322
A1PoolParts.com,US,,,374
ArmaniExchange.com,IE,,,1090
ShopMyExchange.com,US,,Oracle Commerce,575
ShopMyExchange.com,US,,Oracle Commerce,575
ShopMyExchange.com,US,,Oracle Commerce,575
Abercrombie.com,US,,,625
Abercrombie.com,US,,,625
Abt.com,EU,,,571
Abercrombie.com,US,,,625
AbesofMaine.com,US,,,557
Academy.com,US,,,174
ActiveRideShop.com,US,,Magento,524
ActiveRideShop.com,US,,Magento,524
ActiveRideShop.com,US,,Magento,524
AccessoryGeeks.com,US,,Magento,1320
AdoreMe.com,US,,,552
adidas.com,DE,,Demandware,600
adidas.com,DE,,Demandware,600
adidas.com,DE,,Demandware,600
AdaptiveMall.com,US,,Yahoo! Ecommerce,283
AJMadison.com,US,,,528
AJMadison.com,US,,,528
AirgunDepot.com,US,,Yahoo! Ecommerce,329
AlbeeBaby.com,US,,Yahoo! Ecommerce,379
AlbeeBaby.com,US,,Yahoo! Ecommerce,379
Shop.Safeway.com,US,,,469
AldoShoes.com,US,,Hybris,165
Alibris.com,US,,,723
AlexandAni.com,US,,Magento,244
ForYourLegs.com,US,,,811
AlliedElec.com,US,,,612
AlsSports.com,US,,,1760
AlsSports.com,US,,,1760
AMainHobbies.com,US,,,893
AlsSports.com,US,,,1760
AmericanGirl.com,US,,,369
Store.AmericanApparel.net,US,,,219
AmericanGirl.com,US,,,369
AmericanGirl.com,US,,,369
AmericanGirl.com,US,,,369
AmesWalker.com,US,,,1087
AmericanStationery.com,US,,Magento,1199
AmericanMusical.com,US,,,427
AmericanStationery.com,US,,Magento,1199
AmericanMeadows.com,US,,Magento,475
Amway.com,US,,,423
AMIclubwear.com,US,,Magento,622
ANSGear.com,US,,Volusion,589
Angara.com,US,,Magento,1822
AndrewChristian.com,CA,,Magento,1778
Aquarelle-Maison.com,US,,,180
Store.Apple.com,US,,,194
APMEX.com,US,,,373
AppliancePartsPros.com,US,,,533
ApplianceZone.com,US,,Bigcommerce,725
Article.com,US,,,269
AnnTaylor.com,US,,,579
Article.com,US,,,269
Ashford.com,US,,Oracle Commerce,736
Artbeads.com,US,,Yahoo! Ecommerce,296
AshleyFurnitureHomeStore.com,US,,,331
AshleyFurnitureHomeStore.com,US,,,331
AuntiesBeads.com,US,,,827
AuntiesBeads.com,US,,,827
AuntiesBeads.com,US,,,827
AutoAccessoriesGarage.com,US,,,308
Autonomous.ai,US,,,527
AutohausAZ.com,US,,,405
AutohausAZ.com,US,,,405
AustinBazaar.com,US,,Bigcommerce,644
Avon.com,US,,,356
Avon.com,US,,,356
AutoZone.com,US,,Oracle Commerce,583
Avon.com,US,,,356
BabyEarth.com,US,,,434
BagBorroworSteal.com,US,,,212
BalsamHill.com,US,,,373
BackyardPoolSuperstore.com,US,,,576
Backcountry.com,US,,,532
Backcountry.com,US,,,532
BN.com,US,,,339
BN.com,US,,,339
BN.com,US,,,339
Bambeco.com,US,,,300
BN.com,US,,,339
Store.BarstoolSports.com,CA,,,227
Store.BarstoolSports.com,CA,,,227
Store.BarstoolSports.com,CA,,,227
BaseballRampage.com,US,,,456
Store.BarstoolSports.com,CA,,,227
BatteryJunction.com,US,,Yahoo! Ecommerce,389
BatteryJunction.com,US,,Yahoo! Ecommerce,389
BatteryJunction.com,US,,Yahoo! Ecommerce,389
BatteryJunction.com,US,,Yahoo! Ecommerce,389
BatteryJunction.com,US,,Yahoo! Ecommerce,389
BeallsFlorida.com,US,,,713
TheBeardBro.com,CA,,Shopify,218
Beadaholique.com,US,,Magento,438
BCBG.com,US,,Demandware,952
BCBG.com,US,,Demandware,952
ShopBecker.com,US,,,528
ShopBecker.com,US,,,528
ShopBecker.com,US,,,528
BeautyKind.us,US,,,536
bebe.com,US,,,630
BedBathStore.com,,,,2
Belk.com,US,,,470
Belk.com,US,,,470
BedBathandBeyond.com,US,,,499
BedBathandBeyond.com,US,,,499
Bellacor.com,US,,,860
Betabrand.com,US,,,475
BenefitCosmetics.com,US,,,499
BerettaUSA.com,US,,,263
BerettaUSA.com,US,,,263
BeyondTheRack.com,US,,,397
BeyondTheRack.com,US,,,397
BetterWorldBooks.com,US,,,517
BetterWorldBooks.com,US,,,517
BetterWorldBooks.com,US,,,517
Biblio.com,US,,,447
BHFO.com,CA,,Shopify,73
BHFO.com,CA,,Shopify,73
BHFO.com,CA,,Shopify,73
BigDotofHappiness.com,US,,Magento,388
BikesDirect.com,US,,,442
Birdwell.com,US,,Shopify,85
Birchbox.com,US,,,405
Billiards.com,US,,,1007
Billiards.com,US,,,1007
BirthdayDirect.com,US,,,452
BlackForestDecor.com,US,,Yahoo! Ecommerce,269
BlackForestDecor.com,US,,Yahoo! Ecommerce,269
Blacklight.com,US,,,698
BlackForestDecor.com,US,,Yahoo! Ecommerce,269
BlueApron.com,US,,,527
BlissWorld.com,US,,,576
BlingJewelry.com,US,,Magento,633
BlueApron.com,US,,,527
BlendTec.com,US,,,1025
TrademarkInnovations.com,US,,Volusion,632
TrademarkInnovations.com,US,,Volusion,632
BlueNile.com,US,,,936
Bluefly.com,US,,,351
TrademarkInnovations.com,US,,Volusion,632
BodenUSA.com,US,,Magento,208
Boats.net,US,,,359
Boats.net,US,,,359
NordBoards.com,US,,Yahoo! Ecommerce,228
BoisBlancSupply.com,CA,,Shopify,68
BooksAMillion.com,US,,,715
BootBarn.com,US,,Demandware,1029
Boohoo.com,GB,,,893
Boohoo.com,GB,,,893
Boohoo.com,GB,,,893
AllergyBuyersClub.com,US,,,232
BourbonandBoots.com,CA,,,94
BourbonandBoots.com,CA,,,94
BootBay.com,US,,Magento,351
BourbonandBoots.com,CA,,,94
BrentwoodHome.com,CA,,,101
Boxycharm.com,US,,,1098
Boxycharm.com,US,,,1098
Boxycharm.com,US,,,1098
Boxycharm.com,US,,,1098
Brookstone.com,US,,,334
Brookstone.com,US,,,334
Brookstone.com,US,,,334
Brookstone.com,US,,,334
Brookstone.com,US,,,334
BulbAmerica.com,CA,,,90
BulbAmerica.com,CA,,,90
BulbAmerica.com,CA,,,90
BulbAmerica.com,CA,,,90
BuildABear.com,US,,,398
BulkReefSupply.com,US,,Magento,618
BulkReefSupply.com,US,,Magento,618
Bulbs.com,US,,,626
BurlingtonCoatFactory.com,US,,,860
BurlingtonCoatFactory.com,US,,,860
BuyAutoParts.com,US,,,228
BuyOnlineNow.com,US,,,625
BurtsBees.com,US,,Demandware,1860
BurtsBees.com,US,,Demandware,1860
BurtsBees.com,US,,Demandware,1860
Filson.com,US,,Magento,846
CafePress.com,US,,,1348
CableOrganizer.com,US,,,651
Filson.com,US,,Magento,846
CablesandKits.com,US,,,1144
CalvinKlein.com,US,,,554
Cmp.CallawayGolf.com,US,,,491
Cmp.CallawayGolf.com,US,,,491
CaliBamboo.com,US,,,1081
Calendars.com,US,,,474
CampingWorld.com,US,,,407
CanadaDrugs.com,US,,,75
CampSaver.com,US,,Magento,476
CampingSurvival.com,US,,Magento,1175
Campmor.com,US,,,261
CarPartsKing.com,US,,,129
Shop.CaptainDaves.com,US,,Magento,319
CandyWarehouse.com,US,,,789
1800Lighting.com,US,,,230
1800Lighting.com,US,,,230
Carters.com,US,,Demandware,602
Carters.com,US,,Demandware,602
Carters.com,US,,Demandware,602
Carters.com,US,,Demandware,602
CarrotInk.com,US,,Magento,214
TacticalGear.com,US,,,359
TacticalGear.com,US,,,359
TacticalGear.com,US,,,359
CDW.com,US,,,770
CDW.com,US,,,770
CharmingCharlie.com,US,,Magento,465
chanel.com,FR,,,441
CharlotteRusse.com,US,,,806
CharmingCharlie.com,US,,Magento,465
ChampionsOnDisplay.com,US,,Bigcommerce,875
Chicos.com,US,,,579
Chicos.com,US,,,579
Chicos.com,US,,,579
Chewy.com,US,,,429
ChefsPlate.com,US,,,367
Choxi.com,,,,1
Christianbook.com,US,,,862
ChristopherandBanks.com,US,,Demandware,594
HearthSong.com,US,,,538
ChristopherandBanks.com,US,,Demandware,594
CleanFreak.com,US,,,304
Claires.com,US,,,588
ChubbiesShorts.com,US,,Shopify,434
DiplomaFrame.com,US,,,528
ChubbiesShorts.com,US,,Shopify,434
Coach.com,US,,,584
Coach.com,US,,,584
ClubFurniture.com,US,,,444
Coach.com,US,,,584
ClubFurniture.com,US,,,444
code42software.com,,,,1
ColeHaan.com,US,,,579
ColeHaan.com,US,,,579
ColeHaan.com,US,,,579
ColeHaan.com,US,,,579
Conns.com,US,,Magento,1095
Conns.com,US,,Magento,1095
CommercialBargains.com,CA,,Shopify,76
SwissColony.com,US,,,196
Columbia.com,US,,,1353
CosmeticMall.com,CA,,Shopify,94
Costco.com,US,,,717
Costco.com,US,,,717
Costco.com,US,,,717
Costco.com,US,,,717
CrateandBarrel.com,US,,,227
Craftsy.com,US,,,792
CountryClubPrep.com,CA,,,171
CountryClubPrep.com,CA,,,171
CountryClubPrep.com,CA,,,171
Store.CreekstoneFarms.com,US,,Bigcommerce,344
CrownAwards.com,US,,,569
Crestline.com,US,,,300
Crocs.com,US,,,725
Crocs.com,US,,,725
Crucial.com,US,,,830
Crucial.com,US,,,830
Crucial.com,US,,,830
Crucial.com,US,,,830
CTAInc.com,US,,,820
CustomInk.com,US,,,258
CVS.com,US,,Oracle Commerce,1851
CVS.com,US,,Oracle Commerce,1851
CVS.com,US,,Oracle Commerce,1851
CustomInk.com,US,,,258
Databazaar.com,US,,Magento,158
DanielSmith.com,US,,,575
DavidsBridal.com,US,,,437
Databazaar.com,US,,Magento,158
DavidsBridal.com,US,,,437
DeepDiscount.com,US,,,195
DelCity.net,US,,,370
Dazadi.com,US,,Bigcommerce,778
UGGAustralia.com,US,,Demandware,461
DealYard.com,US,,Magento,532
Dell.com,US,,,3261
Dell.com,US,,,3261
Dell.com,US,,,3261
DestinationMaternity.com,US,,Demandware,507
DesignByHumans.com,US,,,2104
DestinationXL.com,US,,,926
DiamondNexus.com,US,,Magento,655
DestinationXL.com,US,,,926
DestinationXL.com,US,,,926
Dexclusive.com,US,,Magento,734
DicksSportingGoods.com,US,,,285
DicksSportingGoods.com,US,,,285
Dillards.com,US,,,300
DietDirect.com,US,,Magento,783
DicksSportingGoods.com,US,,,285

Directron.com,,,,
DiscountDance.com,,,,
DiscountElectronics.com,,,,
DiscountTwo-WayRadio.com,,,,
DiscountRamps.com,,,,
DNA11.com,US,,,444
dogIDs.com,US,,,338
DoItBest.com,US,,,630
DisneyStore.com,US,,,1592
DoItWiser.com,US,,,1195
DollarShaveClub.com,US,,,554
DollarShaveClub.com,US,,,554
DollarShaveClub.com,US,,,554
DonaldJPliner.com,US,,,777
DonaldJPliner.com,US,,,777
DormCo.com,US,,,825
DoortoDoorOrganics.com,US,,,1275
DoverSaddlery.com,US,,,272
DraperJames.com,US,,Magento,1850
DoverPublications.com,US,,Yahoo! Ecommerce,452
DSW.com,US,,,311
DrJays.com,US,,,55
DuluthTrading.com,US,,,711
DrillSpot.com,US,,,205
DSTLD.com,US,,,821
Dungarees.net,US,,,691
DVF.com,US,,Demandware,481
eBags.com,US,,,1214
ElfCosmetics.com,US,,,302
EMS.com,US,,,324
eForCity.com,US,,,406
TackleDirect.com,US,,,257
eCampus.com,US,,,437
EddieBauer.com,US,,Oracle Commerce,198
EdibleArrangements.com,US,,,991
EmilieMShop.com,US,,Magento,598
EileenFisher.com,US,,Magento,443
EmilieMShop.com,US,,Magento,598
Eloquii.com,US,,Demandware,557
eMusic.com,US,,,499
eSalon.com,US,,,888
Envelopes.com,US,,,478
Equipatron.com,US,,Magento,700
eSalon.com,US,,,888
eSpecialNeeds.com,US,,Magento,2036
EsteeLauder.com,US,,,240
Etsy.com,US,,,932
Etsy.com,US,,,932
etailz.com,US,,,1052
eSportsOnline.com,US,,Magento,656
Evine.com,US,,,348
OfficeFurniture2go.com,US,,,526
eVitamins.com,US,,,710
Evine.com,US,,,348
EverythingKitchens.com,US,,Magento,959
GreekGear.com,US,,,1222
GreekGear.com,US,,,1222
GreekGear.com,US,,,1222
GreekGear.com,US,,,1222
GreekGear.com,US,,,1222
Fanatics.com,US,,,703
Sportco.com,CA,,,1020
Fashionphile.com,US,,,924
Fanatics.com,US,,,703
Fanatics.com,US,,,703
FastoolNow.com,US,,Yahoo! Ecommerce,591
Fathead.com,US,,,2173
Fathead.com,US,,,2173
Fathead.com,US,,,2173
Fathead.com,US,,,2173
FireMountainGems.com,US,,,1375
FireMountainGems.com,US,,,1375
FindTape.com,US,,,1826
FirstStreetOnline.com,US,,,1157
1stWebSales.com,US,,Magento,2100
FocusCamera.com,US,,Magento,905
Fitbit.com,US,,,295
Fitbit.com,US,,,295
FloorsToYourHome.com,US,,Magento,1312
FlexShopper.com,US,,Magento,996
FootLocker.com,US,,,135
FootLocker.com,US,,,135
FootLocker.com,US,,,135
Forever21.com,US,,,263
FootLocker.com,US,,,135
Francescas.com,US,,,537
Fossil.com,US,,,704
Fossil.com,US,,,704
Fossil.com,US,,,704
FramesDirect.com,US,,,574
FreeCountry.com,US,,,551
FreshDirect.com,US,,,1238
FreshDirect.com,US,,,1238
FreshDirect.com,US,,,1238
FrenchToast.com,US,,,1280
Freshpair.com,US,,,174
Freshpair.com,US,,,174
Freshpair.com,US,,,174
Frys.com,US,,,2168
Furniture.com,US,,,870
FusionBeads.com,US,,,318
FusionBeads.com,US,,,318
FusionBeads.com,US,,,318
FusionBeads.com,US,,,318
FusionBeads.com,US,,,318
Garmin.com,US,,,298
GameStop.com,US,,,1065
GameStop.com,US,,,1065
Gap.com,US,,,686
GameStop.com,US,,,1065
Gatorade.com,US,,,171
Gearhead.com,US,,,203
Gemvara.com,US,,,391
Lids.com,US,,,320
GearUp2Go.com,US,,Magento,6332
GlassesUSA.com,US,,,806
GlassesUSA.com,US,,,806
GiftTree.com,US,,,828
GiftTree.com,US,,,828
GiftTree.com,US,,,828
GNC.com,US,,,1179
GNC.com,US,,,1179
GNC.com,US,,,1179
Godiva.com,US,,,504
Golfballs.com,US,,,453
GolfClubs.com,US,,Bigcommerce,633
Golfsmith.com,US,,,1516
Golfsmith.com,US,,,1516
Golfsmith.com,US,,,1516
Golfsmith.com,US,,,1516
GourmetGiftBaskets.com,US,,,295
GourmetGiftBaskets.com,US,,,295
GourmetGiftBaskets.com,US,,,295
GreenChef.com,US,,,723
GreenChef.com,US,,,723
hm.com,GB,,,323
Hallmark.com,US,,,802
Shop.Guess.com,US,,,867
Gumps.com,US,,Intershop,1690
Gumps.com,US,,Intershop,1690
HamGo.com,CA,,,190
HamGo.com,CA,,,190
HamGo.com,CA,,,190
HamGo.com,CA,,,190
Hammacher.com,US,,,362
Harrys.com,US,,,365
Hayneedle.com,US,,Bigcommerce,647
Hayneedle.com,US,,Bigcommerce,647
HarrietCarter.com,US,,,375
Hayneedle.com,US,,Bigcommerce,647
HealthyDirections.com,US,,,220
HelixSleep.com,US,,,287
HelixSleep.com,US,,,287
Hem.com,CA,,Shopify,73
Heels.com,US,,,706
usa.Hermes.com,US,,,416
Hickies.com,CA,,,178
Hickies.com,CA,,,178
hhgregg.com,US,,,482
Hickies.com,CA,,,178
HipsandCurves.com,US,,Magento,477
HistoricalEmporium.com,US,,,630
TheParkCatalog.com,US,,Magento,569
HistoricalEmporium.com,US,,,630
HiDefLifestyle.com,US,,Magento,636
HobbyTron.com,US,,,669
Hollar.com,US,,,801
HobbyTron.com,US,,,669
HobbyTron.com,US,,,669
HoboBags.com,US,,,420
HomeChef.com,US,,,297
HorseSaddleShop.com,CA,,Yahoo! Ecommerce,299
HomeWetBar.com,US,,osCommerce,497
HomeFurnitureMart.com,US,,Yahoo! Ecommerce,296
HomeBrewOhio.com,US,,,1090
HouseofAntiqueHardware.com,US,,,376
Shopping.HP.com,US,,,398
HouseofAntiqueHardware.com,US,,,376
HouseofAntiqueHardware.com,US,,,376
HouseofAntiqueHardware.com,US,,,376
HumbleAbode.com,US,,Magento,1272
ACWholesalers.com,US,,Oracle Commerce,758
HSN.com,US,,,447
HugoBoss.com,GB,,,734
HugoBoss.com,GB,,,734
Ice.com,US,,,458
Igigi.com,CA,,Shopify,74
Shop.Ibex.com,US,,,1106
iBuyOfficeSupply.com,US,,,1144
iBuyOfficeSupply.com,US,,,1144
igourmet.com,US,,,797
Chapters.Indigo.ca,CA,,,542
Indochino.com,US,,,748
iHerb.com,US,,,569
Chapters.Indigo.ca,CA,,,542
Inmod.com,US,,,396
InkSell.com,US,,Yahoo! Ecommerce,246
InkedShop.com,CA,,,78
Inmod.com,US,,,396
Inmod.com,US,,,396
Ipsy.com,US,,,532
Ipsy.com,US,,,532
Stopzilla.com,US,,,250
Stopzilla.com,US,,,250
Stopzilla.com,US,,,250
IvoryElla.com,US,,,85
IvoryElla.com,US,,,85
IvoryElla.com,US,,,85
IvoryElla.com,US,,,85
IvoryElla.com,US,,,85
JRDunn.com,US,,,579
JRDunn.com,US,,,579
JRDunn.com,US,,,579
Jjill.com,US,,,295
Jjill.com,US,,,295
JamesAllen.com,US,,,710
JamesAllen.com,US,,,710
JamesAllen.com,US,,,710
JamesAllen.com,US,,,710
JacksSmallEngines.com,US,,,426
JEGS.com,US,,,762
JayBirdGear.com,US,,,1054
JeffersPet.com,US,,,858
JeffersPet.com,US,,,858
JeffersPet.com,US,,,858
OnlineBootStore.com,,,,2
JTV.com,US,,,586
JewelryWarehouse.com,US,,,354
JewelryWarehouse.com,US,,,354
JimmyJazz.com,US,,,104
Jockey.com,US,,,210
Jockey.com,US,,,210
Jockey.com,US,,,210
Jockey.com,US,,,210
JMBullion.com,US,,WooCommerce,583
Junonia.com,US,,,795
Junonia.com,US,,,795
Junonia.com,US,,,795
Jomashop.com,US,,Magento,84
JustStrings.com,US,,Yahoo! Ecommerce,268
KatydidCollection.com,US,,Shopify,332
KatydidCollection.com,US,,Shopify,332
KLWines.com,US,,,775
KateSpade.com,GB,,,999
KateSpade.com,GB,,,999
Kidrobot.com,CA,,Shopify,74
Kingdom.com,US,,Magento,323
KingArthurFlour.com,US,,,572
KingArthurFlour.com,US,,,572
Keurig.com,HK,,Hybris,320
Kohls.com,US,,,465
KnotStandard.com,US,,,270
KnotStandard.com,US,,,270
Kirklands.com,US,,,337
Kirklands.com,US,,,337
Lafayette148NY.com,US,,Magento,348
LLBean.com,US,,,448
LakeshoreLearning.com,US,,,617
VictoriasSecret.com,US,,,367
KontrolFreek.com,US,,,1054
LaylaGrayce.com,US,,,399
LandsEnd.com,US,,,385
LandfallNavigation.com,US,,Yahoo! Ecommerce,240
LaurenJames.com,,,,145
LaurenJames.com,,,,145
4inkjets.com,US,,,542
4inkjets.com,US,,,542
La-Z-Boy.com,US,,,742
La-Z-Boy.com,US,,,742
LeTote.com,US,,,321
Leesa.com,CA,,,102
Lenovo.com,US,,,198
Leesa.com,CA,,,102
LethalPerformance.com,US,,,765
Levenger.com,US,,,422
Levi.com,US,,,356
Levi.com,US,,,356
Levi.com,US,,,356
LightInTheBox.com,US,,,747
LightInTheBox.com,US,,,747
WearLively.com,CA,,Shopify,80
WearLively.com,CA,,Shopify,80
livingspaces.com,US,,,788
LimogesJewelry.com,US,,Magento,1336
WearLively.com,CA,,Shopify,80
LollyWollyDoodle.com,CA,,,108
LollyWollyDoodle.com,CA,,,108
LivingSocial.com,US,,,326
Lokai.com,US,,,410
Lokai.com,US,,,410
LorealParisUSA.com,US,,,682
LorealParisUSA.com,US,,,682
LovelySkin.com,US,,,384
LovelySkin.com,US,,,384
LovelySkin.com,US,,,384
Lowes.com,US,,,172
Lowes.com,US,,,172
LukieGames.com,US,,,772
Lulu.com,US,,,1075
Lowes.com,US,,,172
Oakley.com,US,,Hybris,312
LuluLemon.com,US,,,672
LuluLemon.com,US,,,672
LuxuryDivas.com,CA,,Shopify,80
LuxeDecor.com/,,,,559
MacksPW.com,US,,,708
MGemi.com,US,,,595
MGemi.com,US,,,595
MGemi.com,US,,,595
MGemi.com,US,,,595
MagnetStreet.com,US,,,488
MagnetStreet.com,US,,,488
ManCrates.com,US,,Bigcommerce,715
mango.com,IE,,,2502
Magnets.com,US,,Magento,2218
MauiDivers.com,CA,,Shopify,73
MattressFirm.com,US,,,747
MattressFirm.com,US,,,747
ShoeMall.com,US,,Oracle Commerce,267
US-Mattress.com,US,,Yahoo! Ecommerce,339
MaxFurniture.com,US,,,844
MaxFurniture.com,US,,,844
MaxFurniture.com,US,,,844
MedalsOfAmerica.com,US,,,714
MedalsOfAmerica.com,US,,,714
menards.com,US,,,74
MicrofiberProducts.com,US,,Yahoo! Ecommerce,438
MichaelKors.com,US,,,1068
us.memebox.com,US,,,888
MichaelKors.com,US,,,1068
MidwayUSA.com,CA,,,1034
MidwayUSA.com,CA,,,1034
MidwayUSA.com,CA,,,1034
MidwayUSA.com,CA,,,1034
MidwayUSA.com,CA,,,1034
Shop.MLB.com,US,,,321
MMAWarehouse.com,CA,,,103
MMAWarehouse.com,CA,,,103
MMAWarehouse.com,CA,,,103
MMAWarehouse.com,CA,,,103
ModCloth.com,US,,,780
ModernLineFurniture.com,US,,Yahoo! Ecommerce,287
CellularOutfitter.com,US,,,1637
Modells.com,US,,,1386
CellularOutfitter.com,US,,,1637
MoMAStore.org,US,,,873
MoMAStore.org,US,,,873
Monogramonline.com,US,,Yahoo! Ecommerce,389
MonkeySports.com,US,,,1597
MoMAStore.org,US,,,873
JPCycles.com,US,,,582
JPCycles.com,US,,,582
JPCycles.com,US,,,582
JPCycles.com,US,,,582
JPCycles.com,US,,,582
MVMTWatches.com,CA,,,111
MVMTWatches.com,CA,,,111
MVMTWatches.com,CA,,,111
MVMTWatches.com,CA,,,111
MVMTWatches.com,CA,,,111
MyOTCstore.com,US,,,1563
MyOTCstore.com,US,,,1563
MyNaturalMarket.com,US,,,858
US.NakedWines.com,US,,,1113
ShopNastyGal.com,LU,,,1094
NFLShop.com,US,,,269
4-hmall.org,US,,Commerce Server,374
NationalBusinessFurniture.com,US,,,493
NationalBusinessFurniture.com,US,,,493
NFLShop.com,US,,,269
nationaltradesupply.com,US,,,203
Shop.NHL.com,US,,,536
Shop.NHL.com,US,,,536
NatureHills.com,US,,Magento,720
NaturalWellbeing.com,US,,,263
Store.NBA.com,US,,,221
Store.NBA.com,US,,,221
Bowflex.com,US,,Demandware,704
Bowflex.com,US,,Demandware,704
Puritan.com,EU,,,506
Rubbermaid.com,US,,,259
Rubbermaid.com,US,,,259
NewBalance.com,US,,Demandware,1050
NewBalance.com,US,,Demandware,1050
Newegg.com,US,,,1668
NoLimitMotorsport.com,US,,,300
Nike.com,US,,,125
Nordstrom.com,US,,,730
NineLineApparel.com,US,,Bigcommerce,868
NineLineApparel.com,US,,Bigcommerce,868
NorthernTool.com,US,,,415
NorthShoreCare.com,US,,,536
NorthernTool.com,US,,,415
NorthernMarineElectronics.com,US,,Bigcommerce,679
NorthernTool.com,US,,,415
Nuts.com,US,,,289
OfficeSupply.com,US,,,361
OfficeDepot.com,US,,,865
Nutrisystem.com,US,,,639
Oka-B.com,US,,Magento,4367
SunglassWarehouse.com,US,,,1213
getolympus.com,US,,Magento,931
getolympus.com,US,,Magento,931
OmahaSteaks.com,US,,,1547
getolympus.com,US,,Magento,931
TheInsoleStore.com,US,,Magento,1721
TheInsoleStore.com,US,,Magento,1721
OnlineSports.com,US,,Magento,634
OnlineStores.com,US,,Magento,600
Oneida.com,US,,Magento,767
Oompa.com,CA,,Shopify,94
MyWhiteboards.com,US,,Yahoo! Ecommerce,187
OpticsPlanet.com,US,,,1175
ShopAEMC.com,US,,,1258
OrangeOnions.com,US,,Magento,1744
OrientalTrading.com,US,,,704
OrientalTrading.com,US,,,704
OrientalTrading.com,US,,,704
OReillyAuto.com,US,,,895
OReillyAuto.com,US,,,895
OutdoorSpeakerDepot.com,US,,Yahoo! Ecommerce,378
OutdoorSpeakerDepot.com,US,,Yahoo! Ecommerce,378
OutdoorSpeakerDepot.com,US,,Yahoo! Ecommerce,378
OutdoorSpeakerDepot.com,US,,Yahoo! Ecommerce,378
OrthoticShop.com,US,,,739
OutletPC.com,US,,Yahoo! Ecommerce,513
OvernightPrints.com,US,,,893
overstockArt.com,US,,OpenCart,546
overstockArt.com,US,,OpenCart,546
overstockArt.com,US,,OpenCart,546
Shop.Panasonic.com,US,,,519
PacSun.com,US,,Demandware,514
PalmBeachJewelry.com,US,,,695
PalmettoStateArmory.com,US,,Magento,1041
PalmBeachJewelry.com,US,,,695
Paper-Source.com,US,,,201
PaperLanternStore.com,US,,Yahoo! Ecommerce,336
PaperMart.com,US,,,759
PaperMart.com,US,,,759
PaperMart.com,US,,,759
PartyCity.com,US,,,347
PartyCity.com,US,,,347
PartyCity.com,US,,,347
PartyCity.com,US,,,347
PartyCity.com,US,,,347
PCConnection.com,US,,,151
Payless.com,US,,,734
PaylessRugs.com,US,,,832
PaylessRugs.com,US,,,832
Payless.com,US,,,734
pcRUSH.com,US,,,350
Peapod.com,US,,,692
PegasusAutoRacing.com,US,,,1015
Peepers.com,CA,,Shopify,67
PegasusLighting.com,US,,,1571
PensNMore.com,CA,,Shopify,73
PensXpress.com,CA,,Shopify,77
PerformanceBike.com,US,,,535
PepBoys.com,US,,,1141
PepBoys.com,US,,,1141
PersonalizationMall.com,US,,,251
PersonalizationMall.com,US,,,251
PeruvianConnection.com,US,,,1013
PeruvianConnection.com,US,,,1013
petsuppliesdelivered.com,US,,,415
1800PetMeds.com,US,,Oracle Commerce,231
1800PetMeds.com,US,,Oracle Commerce,231
Pharmaca.com,US,,,462
PetFlow.com,US,,,283
PetFlow.com,US,,,283
Pier1.com,US,,,476
Shop.Philips.com,US,,,1060
Pier1.com,US,,,476
Shop.Philips.com,US,,,1060
Shop.Philips.com,US,,,1060
Pillows.com,US,,Yahoo! Ecommerce,280
PinkLily.com,US,,Bigcommerce,800
PinkLily.com,US,,Bigcommerce,800
PishPoshBaby.com,US,,Yahoo! Ecommerce,300
ShopPlanetBlue.com,US,,Magento,1585
Polywood-Furniture.com,US,,Magento,1662
Polywood-Furniture.com,US,,Magento,1662
Plushbeds.com,US,,,487
Poppin.com,US,,,395
Poppin.com,US,,,395
PotpourriGift.com,US,,,547
AirCompressorsDirect.com,US,,,246
PoshMommyJewelry.com,US,,Magento,1060
Powells.com,US,,,2396
PositivePromotions.com,US,,,699
PrintingForLess.com,US,,,448
ProjectRepat.com,CA,,,83
ProLighting.com,US,,,951
ProLighting.com,US,,,951
ProLighting.com,US,,,951
PromGirl.com,US,,,208
PureFormulas.com,US,,,759
PropertyRoom.com,US,,,1180
PropertyRoom.com,US,,,1180
PropertyRoom.com,US,,,1180
QualityHomeSystems.com,US,,,266
OnPurple.com,US,,,352
OnPurple.com,US,,,352
PureModern.com,CA,,Shopify,69
Blucoil.com,US,,Magento,1210
QVC.com,US,,,269
RadioShack.com,CA,,Shopify,70
Quiksilver.com,US,,Demandware,1225
FootPetals.com,US,,Demandware,889
FootPetals.com,US,,Demandware,889
RangerUp.com,US,,,760
Rawlings.com,US,,Demandware,671
RangerUp.com,US,,,760
RalphLauren.com,US,,,560
RalphLauren.com,US,,,560
ColemanFurniture.com,US,,,451
ColemanFurniture.com,US,,,451
ColemanFurniture.com,US,,,451
ColemanFurniture.com,US,,,451
ColemanFurniture.com,US,,,451
Replacements.com,US,,,181
ReStockIt.com,US,,,475
RentTheRunway.com,US,,,578
RepairClinic.com,US,,,650
RentTheRunway.com,US,,,578
Rhone.com,CA,,,88
Rhone.com,CA,,,88
Rhone.com,CA,,,88
Rhone.com,CA,,,88
Rhone.com,CA,,,88
RockAuto.com,US,,,658
RockCreek.com,US,,,141
riverisland.com,US,,,4
RockBottomGolf.com,US,,,2
RockCreek.com,US,,,141
RoomsToGo.com,,,,18
RocketsOfAwesome.com,,,,13
rosegal.com,,,,12
Roots.com,,,,6
Ross-Simons.com,,,,6
RoyceLeatherGifts.com,,,,3
rue21.com,,,,8
RoughCountry.com,,,,3
RueLaLa.com,,,,3
RoyalDiscount.com,,,,3
RushOrderTees.com,,,,3
RugStudio.com,,,,2
RugsUSA.com,,,,2
Rugs-Direct.com,,,,451
ScreenPrinting.com,,,,284
<!DOCTYPE html><html><head><title></title><link rel="stylesheet" href="/stylesheets/style.css"></head><body><h1>Invalid TLD</h1><h2></h2><pre>Error: Invalid TLD
    at parse_host (/Users/cchoukalos/Sites/node_scrapper/node_modules/tld-extract/index.js:43:11)
    at parse_url (/Users/cchoukalos/Sites/node_scrapper/node_modules/tld-extract/index.js:23:10)
    at url_detect (/Users/cchoukalos/Sites/node_scrapper/lib/detect.js:56:14)
    at Object.batch_url [as BatchUrl] (/Users/cchoukalos/Sites/node_scrapper/lib/detect.js:188:3)
    at /Users/cchoukalos/Sites/node_scrapper/routes/detect.js:35:13
    at Layer.handle [as handle_request] (/Users/cchoukalos/Sites/node_scrapper/node_modules/express/lib/router/layer.js:95:5)
    at next (/Users/cchoukalos/Sites/node_scrapper/node_modules/express/lib/router/route.js:131:13)
    at Route.dispatch (/Users/cchoukalos/Sites/node_scrapper/node_modules/express/lib/router/route.js:112:3)
    at Layer.handle [as handle_request] (/Users/cchoukalos/Sites/node_scrapper/node_modules/express/lib/router/layer.js:95:5)
    at /Users/cchoukalos/Sites/node_scrapper/node_modules/express/lib/router/index.js:277:22</pre></body></html>
WowAutoParts.com,,,,
SaatvaMattress.com,,,,
Sailrite.com,,,,
"""TheSak.com",,,,
SallyBeauty.com,,,,
ScanMyPhotos.com,US,,,611
ScanMyPhotos.com,US,,,611
ScanMyPhotos.com,US,,,611
ScanMyPhotos.com,US,,,611
Scentiments.com,US,,,1506
Scholastic.com,US,,,2263
ScotteVest.com,US,,,1472
ScotteVest.com,US,,,1472
ScotteVest.com,US,,,1472
ScotteVest.com,US,,,1472
SleepNumber.com,US,,,633
SeattleCoffeeGear.com,US,,Magento,488
SearsOutlet.com,US,,,350
Sears.com,US,,,286
Sears.com,US,,,286
800Razors.com,US,,WooCommerce,398
SheetMusicPlus.com,CA,,Oracle Commerce,208
800Razors.com,US,,WooCommerce,398
800Razors.com,US,,WooCommerce,398
SFPlanet.com,US,,Magento,1101
Shinesty.com,CA,,,165
Shinesty.com,CA,,,165
Shinesty.com,CA,,,165
Shinesty.com,CA,,,165
Shinesty.com,CA,,,165
shoecarnival.com,US,,,303
ShoesofPrey.com,US,,,1056
shoebuy.com,US,,,1842
shoecarnival.com,US,,,303
shoecarnival.com,US,,,303
Shop4tech.com,US,,,400
ShoeZoo.com,US,,Magento,310
ShopPBS.org,US,,,523
ShopJimmy.com,US,,Magento,353
ShopPBS.org,US,,,523
Shoplet.com,US,,,75
Shopko.com,US,,,830
Shopko.com,US,,,830
Shopko.com,US,,,830
Shopko.com,US,,,830
SignatureHardware.com,US,,Magento,161
Kay.com,US,,,326
Kay.com,US,,,326
SignatureHardware.com,US,,Magento,161
MilesKimball.com,US,,,486
SivanaSpirit.com,CA,,,80
SivanaSpirit.com,CA,,,80
SivanaSpirit.com,CA,,,80
SivanaSpirit.com,CA,,,80
SivanaSpirit.com,CA,,,80
FRSafety.com,US,,,1230
SkinCareRX.com,GB,,,1574
SkinCareRX.com,GB,,,1574
SkinCareRX.com,GB,,,1574
SkinCareRX.com,GB,,,1574
Sneakerhead.com,US,,Magento,161
SmokingPipes.com,US,,,574
SmartSign.com,US,,,781
SmartPakEquine.com,US,,,410
Smarthome.com,US,,Magento,241
SOLGirl.com,US,,Magento,1298
Softmart.com,US,,,317
SOLGirl.com,US,,Magento,1298
SoleSociety.com,US,,Magento,651
SoleSociety.com,US,,Magento,651
SouthMoonUnder.com,US,,Demandware,1173
HaleGroves.com,US,,,692
Spanx.com,US,,Magento,787
PutMeInTheStory.com,US,,,296
SouthMoonUnder.com,US,,Demandware,1173

SparkFun.com,,,,
SpeedoUSA.com,,,,
SpencersOnline.com,,,,
SwimOutlet.com,,,,
SportBikeTrackGear.com,,,,
Sportique.com,CA,,,79
Sportique.com,CA,,,79
Sportique.com,CA,,,79
Sportique.com,CA,,,79
Sportique.com,CA,,,79
Staples.com,US,,,464
Staples.com,US,,,464
Staples.com,US,,,464
Staples.com,US,,,464
Staples.com,US,,,464
SteveMadden.com,US,,,1171
SteveMadden.com,US,,,1171
SteveMadden.com,US,,,1171
SteveMadden.com,US,,,1171
SteveMadden.com,US,,,1171
StilaCosmetics.com,US,,,359
StilaCosmetics.com,US,,,359
UnoAllaVolta.com,US,,,608
StilaCosmetics.com,US,,,359
StitchFix.com,US,,,546
StrongerRx.com,CA,,Shopify,82
StreetModa.com,CA,,Shopify,66
SturbridgeYankee.com,US,,Magento,625
StuartWeitzman.com,US,,,394
PimsleurApproach.com,US,,,619
SummitRacing.com,US,,,270
SummitRacing.com,US,,,270
SummitRacing.com,US,,,270
SummitRacing.com,US,,,270
SkyGeek.com,US,,,375
SustainableSupply.com,US,,,165
SolidSurface.com,US,,,463
SurLaTable.com,US,,,633
SolidSurface.com,US,,,463
SurLaTable.com,US,,,633
Sweetwater.com,US,,,392
Sweetwater.com,US,,,392
Sweetwater.com,US,,,392
Sweetwater.com,US,,,392
Sweetwater.com,US,,,392
TarteCosmetics.com,US,,,278
Target.com,US,,,298
Tanga.com,US,,,512
Dog.com,US,,,287
Dog.com,US,,,287
TeaCollection.com,US,,,676
TeaCollection.com,US,,,676
TeaCollection.com,US,,,676
TeaCollection.com,US,,,676
TeaCollection.com,US,,,676
TenThousandVillages.com,US,,,115
BonTon.com,US,,,553
BonTon.com,US,,,553
BonTon.com,US,,,553
BonTon.com,US,,,553
<!DOCTYPE html><html><head><title></title><link rel="stylesheet" href="/stylesheets/style.css"></head><body><h1>Invalid TLD</h1><h2></h2><pre>Error: Invalid TLD
    at parse_host (/Users/cchoukalos/Sites/node_scrapper/node_modules/tld-extract/index.js:43:11)
    at parse_url (/Users/cchoukalos/Sites/node_scrapper/node_modules/tld-extract/index.js:23:10)
    at url_detect (/Users/cchoukalos/Sites/node_scrapper/lib/detect.js:56:14)
    at Object.batch_url [as BatchUrl] (/Users/cchoukalos/Sites/node_scrapper/lib/detect.js:188:3)
    at /Users/cchoukalos/Sites/node_scrapper/routes/detect.js:35:13
    at Layer.handle [as handle_request] (/Users/cchoukalos/Sites/node_scrapper/node_modules/express/lib/router/layer.js:95:5)
    at next (/Users/cchoukalos/Sites/node_scrapper/node_modules/express/lib/router/route.js:131:13)
    at Route.dispatch (/Users/cchoukalos/Sites/node_scrapper/node_modules/express/lib/router/route.js:112:3)
    at Layer.handle [as handle_request] (/Users/cchoukalos/Sites/node_scrapper/node_modules/express/lib/router/layer.js:95:5)
    at /Users/cchoukalos/Sites/node_scrapper/node_modules/express/lib/router/index.js:277:22</pre></body></html>
,,,,
Buckle.com,,,,
TheCandylandStore.com,,,,
ChildrensPlace.com,,,,
TheClymb.com,,,,
Coleman.com,US,,,1103
Coleman.com,US,,,1103
Coleman.com,US,,,1103
Store.Discovery.com,US,,,400
Store.Discovery.com,US,,,400
HomeDepot.com,US,,,678
HomeDepot.com,US,,,678
HomeDepot.com,US,,,678
HomeDepot.com,US,,,678
HomeDepot.com,US,,,678
Kroger.com,US,,,390
Lakeside.com,US,,Oracle Commerce,667
Lakeside.com,US,,Oracle Commerce,667
Honest.com,US,,,425
Honest.com,US,,,425
TheLimited.com,US,,,142
NYTimes.com/store,,,,550
NYTimes.com/store,,,,550
MensWearhouse.com,US,,,409
MensWearhouse.com,US,,,409
RedDressBoutique.com,US,,,1731
ThePerfumeSpot.com,US,,Yahoo! Ecommerce,2398
TheShoppingChannel.com,CA,,,1243
TheShoppingChannel.com,CA,,,1243
TheRealReal.com,US,,,169
VitaminShoppe.com,US,,,248
VitaminShoppe.com,US,,,248
VitaminShoppe.com,US,,,248
VitaminShoppe.com,US,,,248
Talbots.com,US,,,277
ThingsRemembered.com,US,,,329
ThingsRemembered.com,US,,,329
ThingsRemembered.com,US,,,329
ThingsRemembered.com,US,,,329
Shethinx.com,CA,,,95
Tiffany.com,US,,,332
ThriveMarket.com,US,,Magento,313
TicketPrinting.com,US,,,1211
ThriveMarket.com,US,,Magento,313
TigerFitness.com,US,,,1991
TipsyElves.com,US,,,533
TipsyElves.com,US,,,533
TipsyElves.com,US,,,533
TipsyElves.com,US,,,533
TipsyElves.com,US,,,533
Toms.com,US,,,251
Toms.com,US,,,251
Toms.com,US,,,251
Tonzof.com,US,,,320
SierraTradingPost.com,US,,,668
topshop.com,US,,,683
topshop.com,US,,,683
Toolup.com,US,,,239
Toolup.com,US,,,239
Toolup.com,US,,,239
ToysRUs.com,US,,,550
ToysRUs.com,US,,,550
ToysRUs.com,US,,,550
ToysRUs.com,US,,,550
ToysRUs.com,US,,,550
TractorSupply.com,US,,,392
TractorSupply.com,US,,,392
TractorSupply.com,US,,,392
FYE.com,US,,,1274
TractorSupply.com,US,,,392
CatholicCompany.com,US,,,485
TrueReligion.com,US,,,1097
TrueReligion.com,US,,,1097
TrueReligion.com,US,,,1097
TrollandToad.com,US,,,1005
Tumi.com,US,,,1201
Tumi.com,US,,,1201
Tumi.com,US,,,1201
Tumi.com,US,,,1201
Tumi.com,US,,,1201
uline.com,US,,,347
USPatriotTactical.com,US,,Bigcommerce,617
USPatriotTactical.com,US,,Bigcommerce,617
USPatriotTactical.com,US,,Bigcommerce,617
USPatriotTactical.com,US,,Bigcommerce,617
ULTA.com,US,,,325
ULTA.com,US,,,325
UnbeatableSale.com,US,,Yahoo! Ecommerce,238
ULTA.com,US,,,325
UnderArmour.com,US,,,1071
Uniqlo.com,JP,,,774
USMint.gov,US,,,368
Uniqlo.com,JP,,,774
UniversalCompanies.com,US,,,459
Uniqlo.com,JP,,,774
USMarkerboard.com,US,,,367
Untuckit.com,CA,,,75
Untuckit.com,CA,,,75
Untuckit.com,CA,,,75
Untuckit.com,CA,,,75
USSoccerStore.com,US,,,280
USSoccerStore.com,US,,,280
USSoccerStore.com,US,,,280
USSoccerStore.com,US,,,280
USSoccerStore.com,US,,,280
ValuePetSupplies.com,US,,,1153
venus.com,US,,,514
VeraBradley.com,US,,Oracle Commerce,1405
VeraBradley.com,US,,Oracle Commerce,1405
VeraBradley.com,US,,Oracle Commerce,1405
VermontTeddyBear.com,US,,,1757
TheNorthFace.com,US,,,320
TheNorthFace.com,US,,,320
VermontTeddyBear.com,US,,,1757
VermontTeddyBear.com,US,,,1757
Vince.com,US,,Demandware,581
Vince.com,US,,Demandware,581
Vince.com,US,,Demandware,581
VictoryStore.com,US,,Magento,102
Vince.com,US,,Demandware,581
ViveHealth.com,CA,,,80
ViveHealth.com,CA,,,80
ViveHealth.com,CA,,,80
ViveHealth.com,CA,,,80
ViveHealth.com,CA,,,80
Walgreens.com,US,,,397
HardwareStore.com,US,,,278
HardwareStore.com,US,,,278
HardwareStore.com,US,,,278
Grainger.com,US,,,308
Wayfair.com,US,,,615
Tamperseal.com,US,,,477
weber.com,US,,,699
WarbyParker.com,US,,,436
Wayfair.com,US,,,615
BudgetMailboxes.com,US,,Yahoo! Ecommerce,308
WebUndies.com,US,,,276
WebUndies.com,US,,,276
WebUndies.com,US,,,276
WebUndies.com,US,,,276
Ties.com,US,,,381
WestMarine.com,US,,,480
WholesaleMarine.com,US,,Bigcommerce,1199
WholesaleMarine.com,US,,Bigcommerce,1199
Whiteflash.com,US,,,1829
WineLibrary.com,US,,,270
WineLibrary.com,US,,,270
Williams-Sonoma.com,US,,,174
WineChateau.com,US,,,668
Williams-Sonoma.com,US,,,174
Wine.com,GB,,,519
Wine.com,GB,,,519
Wine.com,GB,,,519
wolverine.com,US,,,683
Wine.com,GB,,,519
worldmarket.com,US,,,1004
worldmarket.com,US,,,1004
worldmarket.com,US,,,1004
worldmarket.com,US,,,1004
worldmarket.com,US,,,1004
Yandy.com,US,,,353
WWSport.com,US,,,599
Yarn.com,US,,,575
Yarn.com,US,,,575
Yarn.com,US,,,575
Zabars.com,US,,Demandware,955
Net-a-Porter.com,IE,,,788
YoogisCloset.com,US,,Magento,1572
YoogisCloset.com,US,,Magento,1572
4ElectronicWarehouse.com,US,,,740
zara.com,US,,,480
MySpiceSage.com,US,,Magento,822
Ziamond.com,US,,Yahoo! Ecommerce,245
MySpiceSage.com,US,,Magento,822
Ziamond.com,US,,Yahoo! Ecommerce,245
Zumiez.com,US,,Magento,537
Shop.ZZPerformance.com,US,,Magento,542
